,0_back_negface,0_back_neutface,0_back_place,0_back_posface,2_back_negface,2_back_neutface,2_back_place,2_back_posface,cue,dummy,drift_1,drift_2,drift_3,constant,trial_type,idx
108.80000000000001,9.265462214118812e-09,0.0,0.0,0.0,0.0,0.64297132483036,0.0,0.0,0.11635050301308365,0.0,-0.1314363143631438,-0.06650949978334517,0.017551484215570262,1.0,0_back_negface,136
109.60000000000001,0.0005073321856092223,0.0,0.0,0.0,0.0,0.5314795462522445,0.0,0.0,0.24356338808736314,0.0,-0.12872628726287283,-0.06721454748422864,0.017280356115962216,1.0,0_back_negface,137
110.4,0.010592784707838662,0.0,0.0,0.0,0.0,0.4028055054560996,0.0,0.0,0.39052441100033125,0.0,-0.1260162601626018,-0.0679049066913438,0.01700355563054933,1.0,0_back_negface,138
111.2,0.053420502887028556,0.0,0.0,0.0,0.0,0.27552207596637407,0.0,0.0,0.5097476136399539,0.0,-0.1233062330623308,-0.06858057740469048,0.016721202177980003,1.0,0_back_negface,139
112.0,0.1420417021452767,0.0,0.0,0.0,0.0,0.162783391660471,0.0,0.0,0.5665677959841189,0.0,-0.12059620596205983,-0.06924155962426881,0.016433415176902992,1.0,0_back_negface,140
112.80000000000001,0.26019879735948326,0.0,0.0,0.0,0.0,0.0710454647922338,0.0,0.0,0.5555721471336448,0.0,-0.11788617886178876,-0.06988785335007869,0.016140314045966553,1.0,0_back_negface,141
113.60000000000001,0.38781610748343764,0.0,0.0,0.0,0.0,0.0014690542676479628,0.0,0.0,0.49344385277988,0.0,-0.1151761517615178,-0.07051945858212016,0.015842018203819377,1.0,0_back_negface,142
114.4,0.5137838230568297,0.0,0.0,0.0,0.0,-0.04797804444822202,0.0,0.0,0.4042523611633279,0.0,-0.11246612466124678,-0.07113637532039324,0.01553864706910997,1.0,0_back_negface,143
115.2,0.6226738798309566,0.0,0.0,0.0,0.0,-0.08063498461930123,0.0,0.0,0.30874892236917184,0.0,-0.10975609756097582,-0.07173860356489789,0.015230320060486732,1.0,0_back_negface,144
116.0,0.707060074018537,0.0,0.0,0.0,0.0,-0.09990563445669494,0.0,0.0,0.22029710349985882,0.0,-0.1070460704607048,-0.07232614331563414,0.014917156596598355,1.0,0_back_negface,145
116.80000000000001,0.7730045832913306,0.0,0.0,0.0,0.0,-0.10896991310564405,0.0,0.0,0.1452423118903459,0.0,-0.10433604336043378,-0.07289899457260202,0.014599276096093322,1.0,0_back_negface,146
117.60000000000001,0.8197527301158213,0.0,0.0,0.0,0.0,-0.11047877190425984,0.0,0.0,0.0851032778763643,0.0,-0.10162601626016277,-0.07345715733580147,0.01427679797762011,1.0,0_back_negface,147
118.4,0.8465190833698288,0.0,0.0,0.0,0.0,-0.10647307959220306,0.0,0.0,0.03883919905954613,0.0,-0.0989159891598918,-0.07400063160523246,0.013949841659827211,1.0,0_back_negface,148
119.2,0.8629728702110954,0.0,0.0,0.0,0.0,-0.09874437728122504,0.0,0.0,0.004460686448627217,0.0,-0.09620596205962079,-0.07452941738089511,0.013618526561363295,1.0,0_back_negface,149
120.0,0.8708370254372862,0.0,0.0,0.0,0.0,-0.08873937147845157,0.0,0.0,-0.02009851452587555,0.0,-0.09349593495934982,-0.07504351466278933,0.013282972100876714,1.0,0_back_negface,150
120.80000000000001,0.867346803337509,0.0,0.0,0.0,0.0,-0.07753158271847511,0.0,0.0,-0.036650901768745574,0.0,-0.09078590785907875,-0.07554292345091515,0.012943297697016076,1.0,0_back_negface,151
121.60000000000001,0.8605152647382143,0.0,0.0,0.0,0.0,-0.06605716575144903,0.0,0.0,-0.04671973768874897,0.0,-0.08807588075880779,-0.07602764374527257,0.012599622768429956,1.0,0_back_negface,152
122.4,0.8533678183929366,0.0,0.0,0.0,0.0,-0.05502103310372791,0.0,0.0,-0.051610888718042786,0.0,-0.08536585365853677,-0.07649767554586157,0.012252066733766727,1.0,0_back_negface,153
123.2,0.8415035242027075,0.0,0.0,0.0,0.0,-0.04483369006842564,0.0,0.0,-0.05248637793160031,0.0,-0.08265582655826575,-0.07695301885268216,0.011900749011675059,1.0,0_back_negface,154
124.0,0.8301721592818485,0.0,0.0,0.0,0.0,-0.03578739024061767,0.0,0.0,-0.05040076501059145,0.0,-0.07994579945799479,-0.07739367366573435,0.011545789020803401,1.0,0_back_negface,155
124.80000000000001,0.8220712545737666,0.0,0.0,0.0,0.0,-0.02804242201044977,0.0,0.0,-0.046301236884907504,0.0,-0.07723577235772372,-0.07781963998501815,0.011187306179800321,1.0,0_back_negface,156
125.60000000000001,0.8108591583289305,0.0,0.0,0.0,0.0,-0.021571990532357737,0.0,0.0,-0.041008358890427095,0.0,-0.07452574525745276,-0.07823091781053351,0.01082541990731424,1.0,0_back_negface,157
126.4,0.7999005435795432,0.0,0.0,0.0,0.0,-0.016292660432466584,0.0,0.0,-0.035195256903297764,0.0,-0.07181571815718174,-0.0786275071422805,0.010460249621993864,1.0,0_back_negface,158
127.2,0.7933367831541468,0.0,0.0,0.0,0.0,-0.012113042568635844,0.0,0.0,-0.029376827918745584,0.0,-0.06910569105691078,-0.07900940798025904,0.010091914742487579,1.0,0_back_negface,159
128.0,0.784952767550104,0.0,0.0,0.0,0.0,-0.008870478292730117,0.0,0.0,-0.023913184540763893,0.0,-0.06639566395663976,-0.07937662032446921,0.009720534687443924,1.0,0_back_negface,160
128.8,0.7766270380093947,0.0,0.0,0.0,0.0,-0.006373843388460356,0.0,0.0,-0.019025924474211347,0.0,-0.06368563685636874,-0.07972914417491098,0.00934622887551148,1.0,0_back_negface,161
129.6,0.7735653759293969,0.0,0.0,0.0,0.0,-0.00451155045472939,0.0,0.0,-0.014822850953382807,0.0,-0.06097560975609778,-0.08006697953158431,0.008969116725338677,1.0,0_back_negface,162
130.4,0.769577613782321,0.0,0.0,0.0,0.0,-0.003164467776556074,0.0,0.0,-0.011326097037801844,0.0,-0.058265582655826764,-0.08039012639448928,0.008589317655574205,1.0,0_back_negface,163
131.20000000000002,0.7643800663830883,0.0,0.0,0.0,0.0,-0.0021574775398367023,0.0,0.0,-0.008499394719957032,0.0,-0.05555555555555569,-0.08069858476362582,0.008206951084866354,1.0,0_back_negface,164
132.0,0.7637178208819998,0.0,0.0,0.0,0.0,-0.001439582343735304,0.0,0.0,-0.006271652951889828,0.0,-0.052845528455284785,-0.08099235463899393,0.007822136431863774,1.0,0_back_negface,165
132.8,0.7623243086794592,0.0,0.0,0.0,0.0,-0.0009695922012929413,0.0,0.0,-0.004555467643319481,0.0,-0.05013550135501371,-0.08127143602059367,0.007434993115215019,1.0,0_back_negface,166
133.6,0.7585994915517766,0.0,0.0,0.0,0.0,-0.0006069451864259258,0.0,0.0,-0.0032603513432002133,0.0,-0.04742547425474275,-0.08153582890842498,0.007045640553568613,1.0,0_back_negface,167
134.4,0.758904816370687,0.0,0.0,0.0,0.0,-0.000358645077163906,0.0,0.0,-0.002301229327836128,0.0,-0.04471544715447173,-0.08178553330248789,0.006654198165572972,1.0,0_back_negface,168
135.20000000000002,0.7545452450089514,0.0,0.0,0.0,0.0,-0.00022753790355364652,0.0,0.0,-0.0016031292775362765,0.0,-0.042005420054200715,-0.0820205492027824,0.006260785369876759,1.0,0_back_negface,169
136.0,0.7221905988233919,0.0,0.0,0.0,0.0,-0.00010199856307508498,0.0,0.0,-0.0011030859384319072,0.0,-0.03929539295392975,-0.08224087660930848,0.005865521585128403,1.0,0_back_negface,170
136.8,0.6482999106967198,0.0,0.0,0.0,0.0,-1.8858665689548893e-05,0.0,0.0,-0.0007501961702411871,0.0,-0.03658536585365868,-0.0824465155220662,0.005468526229976456,1.0,0_back_negface,171
137.6,0.5385279194099967,0.0,0.0,0.0,0.0,0.0,0.0,0.0,-0.0005045847157408264,0.0,-0.033875338753387774,-0.08263746594105548,0.00506991872306943,1.0,0_back_negface,172
138.4,0.4103965018560841,0.0,0.0,0.0,0.0,0.0,0.0,0.0,-0.0002902203735629091,0.0,-0.0311653116531167,-0.08281372786627636,0.004669818483055879,1.0,0_back_negface,173
139.20000000000002,0.2826542492824785,0.0,0.0,0.0,0.0,0.0,0.0,0.0,-0.00014379154996748105,0.0,-0.028455284552845683,-0.08297530129772876,0.004268344928584175,1.0,0_back_negface,174
140.0,0.1688524915089227,0.0,0.0,0.0,0.0,0.0,0.0,0.0,-4.644260222600112e-05,0.0,-0.02574525745257472,-0.08312218623541281,0.0038656174783030517,1.0,0_back_negface,175
140.8,0.07582248497078743,0.0,0.0,0.0,0.0,0.0,0.0,0.0,0.0,0.0,-0.023035230352303704,-0.0832543826793285,0.0034617555508610204,1.0,0_back_negface,176
223.20000000000002,0.0,3.420026943011473e-06,0.0,0.0,0.0,0.0,-0.03508333532061969,0.0,0.15563126715286998,0.0,0.25609756097560965,-0.01819904377905568,-0.0218260627976104,1.0,0_back_neutface,279
224.0,0.0,0.0016314567827049541,0.0,0.0,0.0,0.0,-0.02745166115134172,0.0,0.2939944194075467,0.0,0.25880758807588056,-0.016803636871057126,-0.021695884528854736,1.0,0_back_neutface,280
224.8,0.0,0.01890157615489881,0.0,0.0,0.0,0.0,-0.021083748198992863,0.0,0.43668619587712576,0.0,0.2615176151761516,-0.015393541469290062,-0.02155430177916512,1.0,0_back_neutface,281
225.60000000000002,0.0,0.075422623076742,0.0,0.0,0.0,0.0,-0.015901469067894927,0.0,0.537047381940402,0.0,0.2642276422764227,-0.013968757573754598,-0.02140119512989297,1.0,0_back_neutface,282
226.4,0.0,0.17519897021161163,0.0,0.0,0.0,0.0,-0.011809593632384756,0.0,0.5699375928986464,0.0,0.2669376693766936,-0.012529285184450734,-0.021236445162389816,1.0,0_back_neutface,283
227.20000000000002,0.0,0.2973747561357316,0.0,0.0,0.0,0.0,-0.008634203697890669,0.0,0.5389968875244886,0.0,0.2696476964769646,-0.01107512430137858,-0.021059932458006914,1.0,0_back_neutface,284
228.0,0.0,0.4255537524119246,0.0,0.0,0.0,0.0,-0.006195830884168584,0.0,0.46498122710514805,0.0,0.27235772357723553,-0.009606274924537805,-0.020871537598096235,1.0,0_back_neutface,285
228.8,0.0,0.5480767477671992,0.0,0.0,0.0,0.0,-0.004384187607909784,0.0,0.3716563018038615,0.0,0.27506775067750666,-0.008122737053928852,-0.020671141164008477,1.0,0_back_neutface,286
229.60000000000002,0.0,0.6490989649025392,0.0,0.0,0.0,0.0,-0.0030673226026807832,0.0,0.2774382888031653,0.0,0.2777777777777777,-0.006624510689551277,-0.020458623737095893,1.0,0_back_neutface,287
230.4,0.0,0.726525070190557,0.0,0.0,0.0,0.0,-0.002087837276647669,0.0,0.19312289612986633,0.0,0.2804878048780486,-0.005111595831405413,-0.02023386589870968,1.0,0_back_neutface,288
231.20000000000002,0.0,0.7866823642362792,0.0,0.0,0.0,0.0,-0.0013926979069224588,0.0,0.12313952229854576,0.0,0.2831978319783196,-0.0035839924794911493,-0.019996748230201034,1.0,0_back_neutface,289
232.0,0.0,0.8266314540860472,0.0,0.0,0.0,0.0,-0.0009343730416340359,0.0,0.06790808696838858,0.0,0.2859078590785906,-0.0020417006338084853,-0.019747151312921762,1.0,0_back_neutface,290
232.8,0.0,0.8492710883073135,0.0,0.0,0.0,0.0,-0.0005827120666187809,0.0,0.02592391891142326,0.0,0.28861788617886164,-0.00048472029435731034,-0.019484955728223396,1.0,0_back_neutface,291
233.60000000000002,0.0,0.8640525957029951,0.0,0.0,0.0,0.0,-0.0003421660431465944,0.0,-0.00489390169312099,0.0,0.29132791327913266,0.0010869485388621536,-0.019210042057457133,1.0,0_back_neutface,292
234.4,0.0,0.8690860402353653,0.0,0.0,0.0,0.0,-0.0002155156307742592,0.0,-0.0265428640630447,0.0,0.2940379403794037,0.0026733058658501285,-0.0189222908819745,1.0,0_back_neutface,293
235.20000000000002,0.0,0.864769516116356,0.0,0.0,0.0,0.0,-9.400228118475092e-05,0.0,-0.04073263375481618,0.0,0.2967479674796747,0.004274351686606281,-0.018621582783126978,1.0,0_back_neutface,294
236.0,0.0,0.8596278387534986,0.0,0.0,0.0,0.0,-1.3593183294277326e-05,0.0,-0.04890297547083947,0.0,0.2994579945799456,0.005890086001131056,-0.018307798342266368,1.0,0_back_neutface,295
236.8,0.0,0.8518201025148486,0.0,0.0,0.0,0.0,0.0,0.0,-0.05230415579831261,0.0,0.3021680216802166,0.007520508809424231,-0.017980818140743815,1.0,0_back_neutface,296
237.60000000000002,0.0,0.8388707891934172,0.0,0.0,0.0,0.0,0.0,0.0,-0.05205965838345335,0.0,0.30487804878048774,0.009165620111485806,-0.017640522759910904,1.0,0_back_neutface,297
238.4,0.0,0.8280476516131999,0.0,0.0,0.0,0.0,0.0,0.0,-0.04918890276086278,0.0,0.30758807588075865,0.010825419907315559,-0.017286792781118776,1.0,0_back_neutface,298
239.20000000000002,0.0,0.818310616386173,0.0,0.0,0.0,0.0,0.0,0.0,-0.04459858789825491,0.0,0.31029810298102967,0.012499908196914045,-0.016919508785719684,1.0,0_back_neutface,299
240.0,0.0,0.8054814090033487,0.0,0.0,0.0,0.0,0.0,0.0,-0.03906114880765333,0.0,0.3130081300813006,0.014189084980280708,-0.016538551355064324,1.0,0_back_neutface,300
240.8,0.0,0.7958815884776616,0.0,0.0,0.0,0.0,0.0,0.0,-0.033196432533020744,0.0,0.3157181571815717,0.015892950257415883,-0.016143801070504504,1.0,0_back_neutface,301
241.60000000000002,0.0,0.7898576778418391,0.0,0.0,0.0,0.0,0.0,0.0,-0.027465610545126015,0.0,0.3184281842818427,0.01761150402831957,-0.015735138513392033,1.0,0_back_neutface,302
242.4,0.0,0.7818499066212853,0.0,0.0,0.0,0.0,0.0,0.0,-0.022179345547741692,0.0,0.3211382113821136,0.019344746292991433,-0.015312444265077607,1.0,0_back_neutface,303
243.20000000000002,0.0,0.7765243921058418,0.0,0.0,0.0,0.0,0.0,0.0,-0.01751749915500839,0.0,0.32384823848238464,0.021092677051431807,-0.014875598906913368,1.0,0_back_neutface,304
244.0,0.0,0.7750993606320092,0.0,0.0,0.0,0.0,0.0,0.0,-0.0135555580808181,0.0,0.32655826558265566,0.02285529630364047,-0.014424483020250234,1.0,0_back_neutface,305
244.8,0.0,0.7711071620220318,0.0,0.0,0.0,0.0,0.0,0.0,-0.010292880397381406,0.0,0.3292682926829267,0.024632604049617868,-0.013958977186440458,1.0,0_back_neutface,306
245.60000000000002,0.0,0.7680898464555473,0.0,0.0,0.0,0.0,0.0,0.0,-0.007678951166478696,0.0,0.3319783197831977,0.026424600289363442,-0.013478961986834959,1.0,0_back_neutface,307
246.4,0.0,0.7687103967534206,0.0,0.0,0.0,0.0,0.0,0.0,-0.005635325472922797,0.0,0.3346883468834687,0.028231285022877417,-0.01298431800278499,1.0,0_back_neutface,308
247.20000000000002,0.0,0.7657885327428426,0.0,0.0,0.0,0.0,0.0,0.0,-0.004072320292629885,0.0,0.33739837398373973,0.030052658250159903,-0.012474925815642801,1.0,0_back_neutface,309
251.20000000000002,0.0,0.6179697984795784,1.5690056897320306e-06,0.0,0.0,0.0,0.0,0.0,0.14541223156307678,0.0,0.3509485094850947,0.039379851793098,-0.0097025621808422,1.0,0_back_place,314
252.0,0.0,0.5003865234235451,0.0013226757551378313,0.0,0.0,0.0,0.0,0.0,0.28169093037293097,0.0,0.3536585365853656,0.04128935598299077,-0.009102172983524892,1.0,0_back_place,315
252.8,0.0,0.37050010192265426,0.01696542358610327,0.0,0.0,0.0,0.0,0.0,0.4260551154774553,0.0,0.35636856368563674,0.04321354866665217,-0.008486199652575022,1.0,0_back_place,316
253.60000000000002,0.0,0.24584739552890103,0.07067678684632317,0.0,0.0,0.0,0.0,0.0,0.5312609044549769,0.0,0.35907859078590776,0.045152429844081854,-0.007854522769344396,1.0,0_back_place,317
254.4,0.0,0.13789968291407537,0.16828514113054105,0.0,0.0,0.0,0.0,0.0,0.5698325734827819,0.0,0.36178861788617867,0.04710599951527983,-0.007207022915184491,1.0,0_back_place,318
255.20000000000002,0.0,0.05164839438409066,0.28925085335143474,0.0,0.0,0.0,0.0,0.0,0.5433831315805454,0.0,0.3644986449864497,0.049074257680246425,-0.006543580671446669,1.0,0_back_place,319
256.0,0.0,-0.0127294909348355,0.41643458629460023,0.0,0.0,0.0,0.0,0.0,0.4719069977525773,0.0,0.3672086720867207,0.0510572043389812,-0.005864076619482295,1.0,0_back_place,320
256.8,0.0,-0.05771695365744958,0.5390361860128238,0.0,0.0,0.0,0.0,0.0,0.37935051656317864,0.0,0.3699186991869917,0.053054839491484596,-0.005168391340643064,1.0,0_back_place,321
257.6,0.0,-0.08674995090196785,0.6416770752286339,0.0,0.0,0.0,0.0,0.0,0.284708013496228,0.0,0.37262872628726273,0.05506716313775628,-0.00445640541628034,1.0,0_back_place,322
258.40000000000003,0.0,-0.10320975038618163,0.7211103015252585,0.0,0.0,0.0,0.0,0.0,0.19936753115422584,0.0,0.37533875338753375,0.057094175277796255,-0.0037279994277453765,1.0,0_back_place,323
259.2,0.0,-0.11014769892117562,0.783373181607714,0.0,0.0,0.0,0.0,0.0,0.12818400749813383,0.0,0.37804878048780466,0.05913587591160485,-0.0029830539563903136,1.0,0_back_place,324
260.0,0.0,-0.11009099773954929,0.8254618515914197,0.0,0.0,0.0,0.0,0.0,0.07181293471437258,0.0,0.3807588075880757,0.06119226503918174,-0.0022214495835658488,1.0,0_back_place,325
260.8,0.0,-0.10498755928492225,0.8493405332057047,0.0,0.0,0.0,0.0,0.0,0.02884368143559255,0.0,0.3834688346883467,0.06326334266052691,-0.0014430668906237898,1.0,0_back_place,326
261.6,0.0,-0.0965411289706676,0.8646892134967057,0.0,0.0,0.0,0.0,0.0,-0.00279066153667553,0.0,0.3861788617886178,0.06534910877564093,-0.0006477864589159443,1.0,0_back_place,327
262.40000000000003,0.0,-0.08613379977508537,0.8701100866478767,0.0,0.0,0.0,0.0,0.0,-0.025106184231100562,0.0,0.38888888888888884,0.06744956338452301,0.0001645111302067681,1.0,0_back_place,328
263.2,0.0,-0.07476152344377694,0.8651742120808852,0.0,0.0,0.0,0.0,0.0,-0.03983662035627048,0.0,0.39159891598915963,0.06956470648717339,0.0009939452953924288,1.0,0_back_place,329
264.0,0.0,-0.06332013651308468,0.8587478231209067,0.0,0.0,0.0,0.0,0.0,-0.048440495319776046,0.0,0.39430894308943065,0.07169453808359239,0.0018406354552898962,1.0,0_back_place,330
264.8,0.0,-0.052463921602409945,0.8502325210376103,0.0,0.0,0.0,0.0,0.0,-0.05218043449947125,0.0,0.3970189701897018,0.07383905817377978,0.0027047010285475848,1.0,0_back_place,331
265.6,0.0,-0.042519229788291014,0.8368410364411899,0.0,0.0,0.0,0.0,0.0,-0.0521887032591389,0.0,0.3997289972899728,0.07599826675773558,0.0035862614338139087,1.0,0_back_place,332
266.40000000000003,0.0,-0.033775820274233814,0.8257577865457217,0.0,0.0,0.0,0.0,0.0,-0.049493061361524655,0.0,0.4024390243902438,0.07817216383545977,0.0044854360897375045,1.0,0_back_place,333
267.2,0.0,-0.026356696966750887,0.8169476246102101,0.0,0.0,0.0,0.0,0.0,-0.045009965838582744,0.0,0.4051490514905147,0.08036074940695226,0.0054023444149666755,1.0,0_back_place,334
268.0,0.0,-0.020176949704609863,0.8055972495959961,0.0,0.0,0.0,0.0,0.0,-0.03952338768086434,0.0,0.40785907859078574,0.08256402347221325,0.006337105828150391,1.0,0_back_place,335
268.8,0.0,-0.01517542036900401,0.7971209222400869,0.0,0.0,0.0,0.0,0.0,-0.03366579613995727,0.0,0.41056910569105676,0.08478198603124265,0.007289839747936733,1.0,0_back_place,336
269.6,0.0,-0.011249976408680404,0.7919851415020495,0.0,0.0,0.0,0.0,0.0,-0.02791093675815104,0.0,0.4132791327913278,0.08701463708404045,0.008260665592974559,1.0,0_back_place,337
270.40000000000003,0.0,-0.008195594562762925,0.7834801873263844,0.0,0.0,0.0,0.0,0.0,-0.022580912409770858,0.0,0.4159891598915988,0.08926197663060664,0.009249702781912172,1.0,0_back_place,338
271.2,0.0,-0.005865742092475441,0.7759605992023287,0.0,0.0,0.0,0.0,0.0,-0.017865132378377165,0.0,0.4186991869918697,0.09152400467094124,0.010257070733397877,1.0,0_back_place,339
272.0,0.0,-0.004148486391301427,0.7725465869677761,0.0,0.0,0.0,0.0,0.0,-0.013846390025659589,0.0,0.4214092140921407,0.09380072120504424,0.011282888866080865,1.0,0_back_place,340
272.8,0.0,-0.0028865918662852857,0.7669946629473879,0.0,0.0,0.0,0.0,0.0,-0.010529122358948989,0.0,0.42411924119241173,0.09609212623291563,0.012327276598609216,1.0,0_back_place,341
273.6,0.0,-0.0019584744827437326,0.7622059023017042,0.0,0.0,0.0,0.0,0.0,-0.007865930393764164,0.0,0.42682926829268286,0.09839821975455554,0.013390353349631567,1.0,0_back_place,342
274.40000000000003,0.0,-0.0013114338038188195,0.7620603695475465,0.0,0.0,0.0,0.0,0.0,-0.005779918178489797,0.0,0.4295392953929539,0.10071900176996385,0.014472238537796112,1.0,0_back_place,343
275.2,0.0,-0.0008672728001614018,0.7598995892858416,0.0,0.0,0.0,0.0,0.0,-0.004181812386606936,0.0,0.4322493224932247,0.10305447227914022,0.015573051581751818,1.0,0_back_place,344
276.0,0.0,-0.0005366617335259551,0.7570053874892664,0.0,0.0,0.0,0.0,0.0,-0.0029818872468263106,0.0,0.4349593495934958,0.10540463128208544,0.01669291190014688,1.0,0_back_place,345
276.8,0.0,-0.0003166963782550291,0.7582138083239829,0.0,0.0,0.0,0.0,0.0,-0.002097373789345004,0.0,0.4376693766937668,0.10776947877879883,0.017831938911630374,1.0,0_back_place,346
37.6,0.0,0.0,0.0,5.389110223737723e-12,0.6534900759592875,0.0,0.0,0.0,0.10406965191870364,-7.332953624522677e-05,-0.37262872628726307,0.05506716313775531,0.004456405416281162,1.0,0_back_posface,47
38.400000000000006,0.0,0.0,0.0,0.0002873611275530859,0.5453705525322223,0.0,0.0,0.0,0.22641854079212592,0.0,-0.36991869918699205,0.05305483949148355,0.005168391340643955,1.0,0_back_posface,48
39.2,0.0,0.0,0.0,0.008152486787364842,0.4178001885576375,0.0,0.0,0.0,0.3734118215354123,0.0,-0.36720867208672103,0.05105720433898031,0.005864076619483087,1.0,0_back_posface,49
40.0,0.0,0.0,0.0,0.045838265148444524,0.28965247034091307,0.0,0.0,0.0,0.49831475109895956,0.0,-0.36449864498645007,0.049074257680245516,0.006543580671447232,1.0,0_back_posface,50
40.800000000000004,0.0,0.0,0.0,0.1293500523631304,0.17484209536133047,0.0,0.0,0.0,0.563483963445986,0.0,-0.36178861788617905,0.04710599951527898,0.00720702291518522,1.0,0_back_posface,51
41.6,0.0,0.0,0.0,0.24524153521153633,0.08056067624849843,0.0,0.0,0.0,0.560046365847102,0.0,-0.3590785907859081,0.045152429844080896,0.00785452276934517,1.0,0_back_posface,52
42.400000000000006,0.0,0.0,0.0,0.37236866205244024,0.008498245867025949,0.0,0.0,0.0,0.5028002071659559,0.0,-0.3563685636856371,0.043213548666651336,0.008486199652575565,1.0,0_back_posface,53
43.2,0.0,0.0,0.0,0.49910557825068036,-0.043119545132125583,0.0,0.0,0.0,0.4156344598465355,0.0,-0.35365853658536606,0.041289355982990064,0.00910217298352535,1.0,0_back_posface,54
44.0,0.0,0.0,0.0,0.610204775958419,-0.07754744523116894,0.0,0.0,0.0,0.3200285587139085,0.0,-0.35094850948509504,0.03937985179309714,0.009702562180842776,1.0,0_back_posface,55
44.800000000000004,0.0,0.0,0.0,0.6963256225838034,-0.09819553758357194,0.0,0.0,0.0,0.23027456963025578,0.0,-0.348238482384824,0.037485036096972686,0.010287486663176394,1.0,0_back_posface,56
45.6,0.0,0.0,0.0,0.7633052612090878,-0.10830194553945262,0.0,0.0,0.0,0.15345961894425136,0.0,-0.34552845528455306,0.035604908894616746,0.010857065849174563,1.0,0_back_posface,57
46.400000000000006,0.0,0.0,0.0,0.8122271265020643,-0.11057203821699477,0.0,0.0,0.0,0.09155322797485763,0.0,-0.34281842818428204,0.033739470186029054,0.01141141915748617,1.0,0_back_posface,58
47.2,0.0,0.0,0.0,0.8415452646466768,-0.10711611752823046,0.0,0.0,0.0,0.04372121582686086,0.0,-0.3401084010840111,0.031888719971209865,0.01195066600675943,1.0,0_back_posface,59
48.0,0.0,0.0,0.0,0.860116182581688,-0.09974622282840048,0.0,0.0,0.0,0.008028720278553735,0.0,-0.33739837398374006,0.030052658250159035,0.012474925815643002,1.0,0_back_posface,60
48.800000000000004,0.0,0.0,0.0,0.8710143472326198,-0.08994458533887478,0.0,0.0,0.0,-0.017607031778696162,0.0,-0.33468834688346905,0.02823128502287667,0.012984318002785291,1.0,0_back_posface,61
49.6,0.0,0.0,0.0,0.8709055925723931,-0.0788351632415931,0.0,0.0,0.0,-0.03503461708991402,0.0,-0.33197831978319803,0.02642460028936265,0.013478961986835,1.0,0_back_posface,62
50.400000000000006,0.0,0.0,0.0,0.8664775327847845,-0.06735775702687057,0.0,0.0,0.0,-0.04580903752894613,0.0,-0.329268292682927,0.024632604049616993,0.013958977186440687,1.0,0_back_posface,63
51.2,0.0,0.0,0.0,0.86097219159837,-0.05624449270946915,0.0,0.0,0.0,-0.05125782426006088,0.0,-0.326558265582656,0.022855296303639902,0.014424483020250399,1.0,0_back_posface,64
52.0,0.0,0.0,0.0,0.8488594781831267,-0.04595111785628996,0.0,0.0,0.0,-0.05255751083024638,0.0,-0.32384823848238503,0.0210926770514311,0.014875598906913368,1.0,0_back_posface,65
52.800000000000004,0.0,0.0,0.0,0.8349009403471777,-0.036764994224465206,0.0,0.0,0.0,-0.05077496277359912,0.0,-0.321138211382114,0.019344746292990662,0.015312444265077767,1.0,0_back_posface,66
53.6,0.0,0.0,0.0,0.8244415536661148,-0.02886459327267909,0.0,0.0,0.0,-0.04687106759027651,0.0,-0.31842818428184305,0.01761150402831873,0.01573513851339196,1.0,0_back_posface,67
54.400000000000006,0.0,0.0,0.0,0.8122605941592671,-0.022258518177248717,0.0,0.0,0.0,-0.04168279110827587,0.0,-0.31571815718157203,0.015892950257415214,0.016143801070504615,1.0,0_back_posface,68
55.2,0.0,0.0,0.0,0.8006491117917199,-0.01684532295742921,0.0,0.0,0.0,-0.035901785434026515,0.0,-0.313008130081301,0.014189084980280032,0.016538551355064268,1.0,0_back_posface,69
56.0,0.0,0.0,0.0,0.7944676029136122,-0.012540407167799547,0.0,0.0,0.0,-0.030062037811680722,0.0,-0.31029810298103,0.012499908196913209,0.01691950878571957,1.0,0_back_posface,70
56.800000000000004,0.0,0.0,0.0,0.7875783396376961,-0.009207885073107705,0.0,0.0,0.0,-0.024541594940521938,0.0,-0.307588075880759,0.01082541990731491,0.01728679278111879,1.0,0_back_posface,71
57.6,0.0,0.0,0.0,0.7801325983911894,-0.006628918911214498,0.0,0.0,0.0,-0.01957749002961048,0.0,-0.304878048780488,0.009165620111485012,0.017640522759910588,1.0,0_back_posface,72
58.400000000000006,0.0,0.0,0.0,0.7775725214261876,-0.004695251506720409,0.0,0.0,0.0,-0.015289719409334317,0.0,-0.302168021680217,0.007520508809423419,0.01798081814074352,1.0,0_back_posface,73
59.2,0.0,0.0,0.0,0.7741908216886285,-0.003304972995151298,0.0,0.0,0.0,-0.011709207572224467,0.0,-0.29945799457994604,0.00589008600113039,0.018307798342265938,1.0,0_back_posface,74
60.0,0.0,0.0,0.0,0.7685228710195735,-0.0022584598216434885,0.0,0.0,0.0,-0.00880535885335611,0.0,-0.296747967479675,0.0042743516866057055,0.018621582783126533,1.0,0_back_posface,75
60.800000000000004,0.0,0.0,0.0,0.7670374700139514,-0.0015111315365205083,0.0,0.0,0.0,-0.006510177942017834,0.0,-0.294037940379404,0.0026733058658493306,0.018922290881974,1.0,0_back_posface,76
61.6,0.0,0.0,0.0,0.765693310626928,-0.0010217697519466853,0.0,0.0,0.0,-0.004737418558933759,0.0,-0.291327913279133,0.001086948538861418,0.01921004205745651,1.0,0_back_posface,77
62.400000000000006,0.0,0.0,0.0,0.7614534727629044,-0.0006429000971262184,0.0,0.0,0.0,-0.003396429080065139,0.0,-0.28861788617886197,-0.0004847202943580875,0.01948495572822278,1.0,0_back_posface,78
63.2,0.0,0.0,0.0,0.7606482313140961,-0.00038313020088961964,0.0,0.0,0.0,-0.0024011721265833953,0.0,-0.28590785907859095,-0.0020417006338091445,0.019747151312921166,1.0,0_back_posface,79
64.0,0.0,0.0,0.0,0.7569546843476906,-0.000242729772432953,0.0,0.0,0.0,-0.0016753168646920927,0.0,-0.28319783197832,-0.003583992479491843,0.019996748230200437,1.0,0_back_posface,80
64.8,0.0,0.0,0.0,0.727593855077187,-0.0001144986158421409,0.0,0.0,0.0,-0.0011544256469273057,0.0,-0.28048780487804903,-0.005111595831406086,0.020233865898708913,1.0,0_back_posface,81
65.60000000000001,0.0,0.0,0.0,0.6573558706761858,-2.7097926944434182e-05,0.0,0.0,0.0,-0.0007861869919925616,0.0,-0.27777777777777796,-0.006624510689551957,0.020458623737095193,1.0,0_back_posface,82
66.4,0.0,0.0,0.0,0.5501544490645858,0.0,0.0,0.0,0.0,-0.0005294785359149643,0.0,-0.275067750677507,-0.008122737053929442,0.02067114116400786,1.0,0_back_posface,83
67.2,0.0,0.0,0.0,0.4227987686996788,0.0,0.0,0.0,0.0,-0.0003120724432249471,0.0,-0.272357723577236,-0.00960627492453852,0.020871537598095402,1.0,0_back_posface,84
68.0,0.0,0.0,0.0,0.2942418663484362,0.0,0.0,0.0,0.0,-0.0001583987277405023,0.0,-0.26964769647696496,-0.011075124301379198,0.02105993245800627,1.0,0_back_posface,85
68.8,0.0,0.0,0.0,0.17864614912838994,0.0,0.0,0.0,0.0,-5.6107076191750524e-05,0.0,-0.266937669376694,-0.012529285184451414,0.02123644516238901,1.0,0_back_posface,86
69.60000000000001,0.0,0.0,0.0,0.08344766012174729,0.0,0.0,0.0,0.0,0.0,0.0,-0.2642276422764229,-0.013968757573755299,0.021401195129892192,1.0,0_back_posface,87
9.600000000000001,0.0,0.0,0.0,0.0,6.919581638275613e-10,0.0,0.0,0.0,0.11086303092842228,0.9680243658054519,-0.4674796747967482,0.13475224183136064,-0.031660391515231846,1.0,2_back_negface,12
10.4,0.0,0.0,0.0,0.0,0.00038518122664783604,0.0,0.0,0.0,0.23538919986152088,0.8690632013214472,-0.46476964769647716,0.13222582090319465,-0.030302649248977503,1.0,2_back_negface,13
11.200000000000001,0.0,0.0,0.0,0.0,0.00931524248671844,0.0,0.0,0.0,0.3818079717947871,0.7250000207127071,-0.4620596205962062,0.12971408846879723,-0.028965387280945158,1.0,2_back_negface,14
12.0,0.0,0.0,0.0,0.0,0.04954045847212436,0.0,0.0,0.0,0.5028832282110721,0.5631487248840774,-0.4593495934959352,0.12721704452816818,-0.027648486192486037,1.0,2_back_negface,15
12.8,0.0,0.0,0.0,0.0,0.1356400213169247,0.0,0.0,0.0,0.5627763632171687,0.4060967146553556,-0.45663956639566416,0.12473468908130732,-0.02635182656495144,1.0,2_back_negface,16
13.600000000000001,0.0,0.0,0.0,0.0,0.2527038176841809,0.0,0.0,0.0,0.5547703115835553,0.26781234571222234,-0.45392953929539315,0.12226702212821512,-0.025075288979693452,1.0,2_back_negface,17
14.4,0.0,0.0,0.0,0.0,0.38009047709169114,0.0,0.0,0.0,0.49480168509346,0.15427676869448298,-0.4512195121951222,0.11981404366889122,-0.02381875401806285,1.0,2_back_negface,18
15.200000000000001,0.0,0.0,0.0,0.0,0.5063771630369687,0.0,0.0,0.0,0.4067734415889909,0.06599678292876997,-0.44850948509485117,0.11737575370333567,-0.02258210226141152,1.0,2_back_negface,19
16.0,0.0,0.0,0.0,0.0,0.6158161809040447,0.0,0.0,0.0,0.311651514040771,0.0005648517260978059,-0.44579945799458015,0.11495215223154857,-0.021365214291090884,1.0,2_back_negface,20
16.8,0.0,0.0,0.0,0.0,0.6998017935135573,0.0,0.0,0.0,0.2231028028619923,-0.045513177737136624,-0.4430894308943092,0.11254323925353006,-0.02016797068845266,1.0,2_back_negface,21
17.6,0.0,0.0,0.0,0.0,0.7648761704410646,0.0,0.0,0.0,0.14772503237217421,-0.07580522618908533,-0.44037940379403817,0.11014901476927973,-0.018990252034847714,1.0,2_back_negface,22
18.400000000000002,0.0,0.0,0.0,0.0,0.8120527294268132,0.0,0.0,0.0,0.08719649945585789,-0.09353595261310668,-0.43766937669376715,0.10776947877879786,-0.017831938911627935,1.0,2_back_negface,23
19.200000000000003,0.0,0.0,0.0,0.0,0.8402667776119005,0.0,0.0,0.0,0.040555097978028413,-0.10149898736696686,-0.43495934959349614,0.10540463128208445,-0.016692911900144936,1.0,2_back_negface,24
20.0,0.0,0.0,0.0,0.0,0.8585195487580438,0.0,0.0,0.0,0.005838559986619412,-0.10209770565765428,-0.4322493224932251,0.10305447227913933,-0.015573051581749658,1.0,2_back_negface,25
20.8,0.0,0.0,0.0,0.0,0.869053021804406,0.0,0.0,0.0,-0.019016971387896108,-0.09740296744720213,-0.42953929539295416,0.10071900176996279,-0.014472238537794063,1.0,2_back_negface,26
21.6,0.0,0.0,0.0,0.0,0.8682886186234002,0.0,0.0,0.0,-0.035828898147156056,-0.08918660493087824,-0.42682926829268314,0.09839821975455444,-0.013390353349629295,1.0,2_back_negface,27
22.400000000000002,0.0,0.0,0.0,0.0,0.863210990930607,0.0,0.0,0.0,-0.04612448466388916,-0.07893005928480033,-0.4241192411924121,0.09609212623291466,-0.01232727659860705,1.0,2_back_negface,28
23.200000000000003,0.0,0.0,0.0,0.0,0.8569975508835062,0.0,0.0,0.0,-0.05121072285939068,-0.06782308167199105,-0.42140921409214116,0.09380072120504333,-0.011282888866078932,1.0,2_back_negface,29
24.0,0.0,0.0,0.0,0.0,0.8448976349855363,0.0,0.0,0.0,-0.05224894837749778,-0.05676744005486976,-0.41869918699187014,0.0915240046709402,-0.010257070733396045,1.0,2_back_negface,30
24.8,0.0,0.0,0.0,0.0,0.8321522768339912,0.0,0.0,0.0,-0.050293024678897624,-0.04639399944678449,-0.4159891598915991,0.08926197663060563,-0.009249702781910157,1.0,2_back_negface,31
25.6,0.0,0.0,0.0,0.0,0.8228567526151613,0.0,0.0,0.0,-0.04629076679317289,-0.03709431235605447,-0.4132791327913281,0.08701463708403948,-0.008260665592972689,1.0,2_back_negface,32
26.400000000000002,0.0,0.0,0.0,0.0,0.8110089958015407,0.0,0.0,0.0,-0.04106518879059221,-0.0290628518674533,-0.4105691056910571,0.08478198603124162,-0.00728983974793496,1.0,2_back_negface,33
27.200000000000003,0.0,0.0,0.0,0.0,0.7993883765635154,0.0,0.0,0.0,-0.03529346988064073,-0.022343891334488313,-0.40785907859078613,0.08256402347221234,-0.006337105828148679,1.0,2_back_negface,34
28.0,0.0,0.0,0.0,0.0,0.7928637890522148,0.0,0.0,0.0,-0.029495547165142674,-0.016877210097433787,-0.4051490514905151,0.0803607494069514,-0.0054023444149651975,1.0,2_back_negface,35
28.8,0.0,0.0,0.0,0.0,0.7851621771054392,0.0,0.0,0.0,-0.02403684348322181,-0.012538302947695408,-0.40243902439024415,0.07817216383545875,-0.0044854360897358374,1.0,2_back_negface,36
29.6,0.0,0.0,0.0,0.0,0.7769244444120438,0.0,0.0,0.0,-0.019143928670231593,-0.009170694258407719,-0.39972899728997313,0.07599826675773458,-0.0035862614338122464,1.0,2_back_negface,37
30.400000000000002,0.0,0.0,0.0,0.0,0.7736562980257575,0.0,0.0,0.0,-0.014928837126700185,-0.006609698986043655,-0.3970189701897021,0.0738390581737788,-0.002704701028545971,1.0,2_back_negface,38
31.200000000000003,0.0,0.0,0.0,0.0,0.7696808686610096,0.0,0.0,0.0,-0.011417005227956927,-0.004698235940459486,-0.3943089430894311,0.07169453808359155,-0.0018406354552885705,1.0,2_back_negface,39
32.0,0.0,0.0,0.0,0.0,0.7641409002401566,0.0,0.0,0.0,-0.008574529267769202,-0.0032960247674326797,-0.3915989159891601,0.06956470648717254,-0.0009939452953911336,1.0,2_back_negface,40
32.800000000000004,0.0,0.0,0.0,0.0,0.7632949243829519,0.0,0.0,0.0,-0.006331848459330391,-0.002235814187742534,-0.38888888888888906,0.06744956338452199,-0.00016451113020543736,1.0,2_back_negface,41
33.6,0.0,0.0,0.0,0.0,0.7625007426636722,0.0,0.0,0.0,-0.0046024184526535766,-0.0014848404421912269,-0.3861788617886181,0.06534910877563989,0.0006477864589171168,1.0,2_back_negface,42
34.4,0.0,0.0,0.0,0.0,0.7590177256758912,0.0,0.0,0.0,-0.0032961183614219555,-0.0009600093319242423,-0.38346883468834714,0.0632633426605262,0.0014430668906250414,1.0,2_back_negface,43
80.80000000000001,0.0,0.0,0.0,-0.03713565909702113,0.0,5.4955627977403656e-08,0.0,0.0,0.12784047731736087,0.0,-0.2262872628726289,-0.03257907917832628,0.022539481745754337,1.0,2_back_neutface,101
81.60000000000001,0.0,0.0,0.0,-0.029173259899762844,0.0,0.000657769252605838,0.0,0.0,0.25864855551150656,0.0,-0.22357723577235789,-0.03379822416110399,0.02254212089788661,1.0,2_back_neutface,102
82.4,0.0,0.0,0.0,-0.02251430856874738,0.0,0.01199093951873877,0.0,0.0,0.4053257567416831,0.0,-0.22086720867208692,-0.035002680650113346,0.022534908011515857,1.0,2_back_neutface,103
83.2,0.0,0.0,0.0,-0.017049646145782214,0.0,0.057478144825343275,0.0,0.0,0.520234648872801,0.0,-0.2181571815718159,-0.0361924486453543,0.022517962505290392,1.0,2_back_neutface,104
84.0,0.0,0.0,0.0,-0.012696824426467654,0.0,0.1485843048599093,0.0,0.0,0.5709492025044005,0.0,-0.21544715447154494,-0.037367528146826756,0.022491403797858685,1.0,2_back_neutface,105
84.80000000000001,0.0,0.0,0.0,-0.009330364792898905,0.0,0.26812355733339227,0.0,0.0,0.5544709313942257,0.0,-0.21273712737127387,-0.038527919154530896,0.022455351307869312,1.0,2_back_neutface,106
85.60000000000001,0.0,0.0,0.0,-0.006721238701393264,0.0,0.3967912400279407,0.0,0.0,0.4887184198646667,0.0,-0.2100271002710029,-0.039673621668466594,0.022409924453970866,1.0,2_back_neutface,107
86.4,0.0,0.0,0.0,-0.004763661835444574,0.0,0.5230503747108107,0.0,0.0,0.3978339809346429,0.0,-0.2073170731707319,-0.04080463568863388,0.022355242654811907,1.0,2_back_neutface,108
87.2,0.0,0.0,0.0,-0.003354374725600979,0.0,0.6305777937362542,0.0,0.0,0.3020812360271114,0.0,-0.20460704607046093,-0.04192096121503279,0.022291425329040965,1.0,2_back_neutface,109
88.0,0.0,0.0,0.0,-0.0022939901311845906,0.0,0.7129317169997668,0.0,0.0,0.21421192100030767,0.0,-0.2018970189701899,-0.04302259824766329,0.02221859189530636,1.0,2_back_neutface,110
88.80000000000001,0.0,0.0,0.0,-0.0015363222626700544,0.0,0.7768343927319661,0.0,0.0,0.14008574529770107,0.0,-0.1991869918699189,-0.044109546786525344,0.022136861772256686,1.0,2_back_neutface,111
89.60000000000001,0.0,0.0,0.0,-0.0010400306128415839,0.0,0.8216037716172809,0.0,0.0,0.08092637054083626,0.0,-0.19647696476964788,-0.04518180683161903,0.022046354378540703,1.0,2_back_neutface,112
90.4,0.0,0.0,0.0,-0.0006554940925595529,0.0,0.8476102577848781,0.0,0.0,0.03555602671671246,0.0,-0.19376693766937686,-0.04623937838294433,0.02194718913280669,1.0,2_back_neutface,113
91.2,0.0,0.0,0.0,-0.0003917134257784295,0.0,0.8644752326698759,0.0,0.0,0.001945803018753815,0.0,-0.1910569105691059,-0.04728226144050114,0.021839485453703154,1.0,2_back_neutface,114
92.0,0.0,0.0,0.0,-0.0002467519677391163,0.0,0.872722189701965,0.0,0.0,-0.021965240031257643,0.0,-0.18834688346883488,-0.048310456004289584,0.02172336275987874,1.0,2_back_neutface,115
92.80000000000001,0.0,0.0,0.0,-0.00011880437499776062,0.0,0.8699972017675404,0.0,0.0,-0.037972412783132486,0.0,-0.18563685636856386,-0.04932396207430964,0.021598940469981995,1.0,2_back_neutface,116
93.60000000000001,0.0,0.0,0.0,-2.993823733232806e-05,0.0,0.8642659342542871,0.0,0.0,-0.04758483493708006,0.0,-0.18292682926829285,-0.05032277965056128,0.02146633800266133,1.0,2_back_neutface,117
94.4,0.0,0.0,0.0,0.0,0.0,0.856827760633029,0.0,0.0,-0.05210045071253631,0.0,-0.18021680216802188,-0.05130690873304454,0.021325674776565384,1.0,2_back_neutface,118
95.2,0.0,0.0,0.0,0.0,0.0,0.8436278197176063,0.0,0.0,-0.05267728296765955,0.0,-0.17750677506775087,-0.05227634932175934,0.02117707021034248,1.0,2_back_neutface,119
96.0,0.0,0.0,0.0,0.0,0.0,0.8311091202754203,0.0,0.0,-0.05036636976697614,0.0,-0.1747967479674799,-0.05323110141670573,0.021020643722641355,1.0,2_back_neutface,120
96.80000000000001,0.0,0.0,0.0,0.0,0.0,0.8215233343806908,0.0,0.0,-0.0461094450891358,0.0,-0.17208672086720883,-0.05417116501788377,0.02085651473211047,1.0,2_back_neutface,121
97.60000000000001,0.0,0.0,0.0,0.0,0.0,0.8090576782497338,0.0,0.0,-0.04071888891240186,0.0,-0.16937669376693787,-0.05509654012529336,0.020684802657398336,1.0,2_back_neutface,122
98.4,0.0,0.0,0.0,0.0,0.0,0.7979966877206205,0.0,0.0,-0.03485740478471741,0.0,-0.16666666666666685,-0.056007226738934573,0.020505626917153488,1.0,2_back_neutface,123
99.2,0.0,0.0,0.0,0.0,0.0,0.7916708327715758,0.0,0.0,-0.029028404506574686,0.0,-0.1639566395663959,-0.05690322485880736,0.02031910693002441,1.0,2_back_neutface,124
100.0,0.0,0.0,0.0,0.0,0.0,0.7834968732585132,0.0,0.0,-0.02358073730107328,0.0,-0.16124661246612487,-0.05778453448491172,0.020125362114659606,1.0,2_back_neutface,125
100.80000000000001,0.0,0.0,0.0,0.0,0.0,0.7758043941153858,0.0,0.0,-0.01872598659293865,0.0,-0.15853658536585385,-0.05865115561724771,0.019924511889707744,1.0,2_back_neutface,126
101.60000000000001,0.0,0.0,0.0,0.0,0.0,0.7729454795978807,0.0,0.0,-0.014563805861072138,0.0,-0.15582655826558284,-0.05950308825581532,0.01971667567381722,1.0,2_back_neutface,127
102.4,0.0,0.0,0.0,0.0,0.0,0.7685095794017041,0.0,0.0,-0.011110251304112004,0.0,-0.15311653116531182,-0.060340332400614496,0.019501972885636605,1.0,2_back_neutface,128
103.2,0.0,0.0,0.0,0.0,0.0,0.7633929183904024,0.0,0.0,-0.008324945207627495,0.0,-0.15040650406504086,-0.061162888051645256,0.019280522943814375,1.0,2_back_neutface,129
104.0,0.0,0.0,0.0,0.0,0.0,0.7631249383003238,0.0,0.0,-0.006134355238031454,0.0,-0.14769647696476984,-0.06197075520890759,0.019052445266999028,1.0,2_back_neutface,130
104.80000000000001,0.0,0.0,0.0,0.0,0.0,0.7618501744244704,0.0,0.0,-0.004449923330103358,0.0,-0.14498644986449882,-0.06276393387240153,0.018817859273839218,1.0,2_back_neutface,131
105.60000000000001,0.0,0.0,0.0,0.0,0.0,0.7585482535062985,0.0,0.0,-0.003180913731475182,0.0,-0.1422764227642278,-0.06354242404212707,0.018576884382983307,1.0,2_back_neutface,132
180.0,0.0,0.0,0.0,0.0,0.0,0.0,2.1265439590595142e-07,0.6321041823542647,0.12935243523869214,0.0,0.10975609756097537,-0.07173860356489764,-0.015230320060489189,1.0,2_back_place,225
180.8,0.0,0.0,0.0,0.0,0.0,0.0,0.0008407425041928753,0.518264633350002,0.26102316456219044,0.0,0.1124661246612465,-0.07113637532039296,-0.015538647069112316,1.0,2_back_place,226
181.60000000000002,0.0,0.0,0.0,0.0,0.0,0.0,0.013515414442348071,0.38917724500373574,0.40721497358785885,0.0,0.11517615176151752,-0.07051945858211989,-0.01584201820382175,1.0,2_back_place,227
182.4,0.0,0.0,0.0,0.0,0.0,0.0,0.061712498644222444,0.2630500626737941,0.5202408129186052,0.0,0.11788617886178843,-0.06988785335007841,-0.016140314045968884,1.0,2_back_place,228
183.20000000000002,0.0,0.0,0.0,0.0,0.0,0.0,0.15520025591457556,0.15236537764217542,0.568646908110126,0.0,0.12059620596205944,-0.06924155962426853,-0.016433415176905275,1.0,2_back_place,229
184.0,0.0,0.0,0.0,0.0,0.0,0.0,0.2757141490855878,0.06297455787673067,0.5503543932113764,0.0,0.12330623306233046,-0.06858057740469026,-0.016721202177982286,1.0,2_back_place,230
184.8,0.0,0.0,0.0,0.0,0.0,0.0,0.4045677074059561,-0.004380237318777458,0.48370279406240385,0.0,0.12601626016260148,-0.06790490669134347,-0.017003555630551698,1.0,2_back_place,231
185.60000000000002,0.0,0.0,0.0,0.0,0.0,0.0,0.5302171742983071,-0.05192102288068549,0.3927888151133429,0.0,0.1287262872628725,-0.06721454748422845,-0.01728035611596454,1.0,2_back_place,232
186.4,0.0,0.0,0.0,0.0,0.0,0.0,0.6365538280899083,-0.08304180464773736,0.29757938716115284,0.0,0.1314363143631434,-0.06650949978334492,-0.01755148421557262,1.0,2_back_place,233
187.20000000000002,0.0,0.0,0.0,0.0,0.0,0.0,0.7184203587647533,-0.10112646821427844,0.21051824785851808,0.0,0.13414634146341453,-0.06578976358869293,-0.017816820510727305,1.0,2_back_place,234
188.0,0.0,0.0,0.0,0.0,0.0,0.0,0.7821685253709122,-0.10930315054803395,0.13724269975369813,0.0,0.13685636856368544,-0.06505533890027271,-0.01807624558277987,1.0,2_back_place,235
188.8,0.0,0.0,0.0,0.0,0.0,0.0,0.8258154753925929,-0.11016771783736336,0.07885412650958508,0.0,0.13956639566395646,-0.06430622571808392,-0.018329640013082182,1.0,2_back_place,236
189.60000000000002,0.0,0.0,0.0,0.0,0.0,0.0,0.8503052565727545,-0.10571877876278622,0.03412833972079657,0.0,0.14227642276422747,-0.06354242404212679,-0.018576884382985492,1.0,2_back_place,237
190.4,0.0,0.0,0.0,0.0,0.0,0.0,0.8656284098095208,-0.09770812439238215,0.0010337060327360213,0.0,0.1449864498644985,-0.0627639338724012,-0.018817859273841386,1.0,2_back_place,238
191.20000000000002,0.0,0.0,0.0,0.0,0.0,0.0,0.8718624294978242,-0.08755663892400302,-0.022475055865998628,0.0,0.1476964769647695,-0.061970755208907324,-0.01905244526700106,1.0,2_back_place,239
192.0,0.0,0.0,0.0,0.0,0.0,0.0,0.8678062745665828,-0.07629406462560846,-0.03817407897462624,0.0,0.15040650406504041,-0.06116288805164494,-0.01928052294381638,1.0,2_back_place,240
192.8,0.0,0.0,0.0,0.0,0.0,0.0,0.861920793040514,-0.06484860112633685,-0.047556042491542945,0.0,0.15311653116531154,-0.060340332400614094,-0.019501972885638708,1.0,2_back_place,241
193.60000000000002,0.0,0.0,0.0,0.0,0.0,0.0,0.8544951529758024,-0.053900792686805823,-0.05190624868010853,0.0,0.15582655826558256,-0.05950308825581496,-0.01971667567381924,1.0,2_back_place,242
194.4,0.0,0.0,0.0,0.0,0.0,0.0,0.8415888420541483,-0.04382476671372364,-0.05237272913332076,0.0,0.15853658536585347,-0.058651155617247375,-0.01992451188970984,1.0,2_back_place,243
195.20000000000002,0.0,0.0,0.0,0.0,0.0,0.0,0.8298280715734656,-0.034914275219010825,-0.049997716561564064,0.0,0.16124661246612448,-0.05778453448491139,-0.02012536211466165,1.0,2_back_place,244
196.0,0.0,0.0,0.0,0.0,0.0,0.0,0.8205383696685488,-0.027313403226755177,-0.04571439809589458,0.0,0.1639566395663955,-0.056903224858807,-0.02031910693002642,1.0,2_back_place,245
196.8,0.0,0.0,0.0,0.0,0.0,0.0,0.8081441060633319,-0.020970576577537117,-0.040326624968729755,0.0,0.16666666666666652,-0.05600722673893421,-0.02050562691715546,1.0,2_back_place,246
197.60000000000002,0.0,0.0,0.0,0.0,0.0,0.0,0.7974952328787578,-0.015811716859815205,-0.034488836818073396,0.0,0.16937669376693754,-0.05509654012529297,-0.020684802657400303,1.0,2_back_place,247
198.4,0.0,0.0,0.0,0.0,0.0,0.0,0.7909980371391543,-0.011741903383008297,-0.028696892103613616,0.0,0.17208672086720844,-0.05417116501788344,-0.020856514732112308,1.0,2_back_place,248
199.20000000000002,0.0,0.0,0.0,0.0,0.0,0.0,0.782324145371965,-0.008580496111819495,-0.023293209158792055,0.0,0.17479674796747957,-0.05323110141670534,-0.02102064372264323,1.0,2_back_place,249
200.0,0.0,0.0,0.0,0.0,0.0,0.0,0.7748566050262203,-0.006155639309505943,-0.018484312355938885,0.0,0.17750677506775048,-0.05227634932175895,-0.021177070210344318,1.0,2_back_place,250
200.8,0.0,0.0,0.0,0.0,0.0,0.0,0.7723617858961758,-0.0043556851202028075,-0.014366221953675547,0.0,0.1802168021680215,-0.05130690873304411,-0.02132567477656705,1.0,2_back_place,251
201.60000000000002,0.0,0.0,0.0,0.0,0.0,0.0,0.7680931022420387,-0.003044622373721632,-0.010952675606173743,0.0,0.1829268292682925,-0.05032277965056087,-0.021466338002663066,1.0,2_back_place,252
202.4,0.0,0.0,0.0,0.0,0.0,0.0,0.7635142794025743,-0.002071695896274367,-0.008202074063598288,0.0,0.18563685636856353,-0.049323962074309224,-0.021598940469983785,1.0,2_back_place,253
203.20000000000002,0.0,0.0,0.0,0.0,0.0,0.0,0.763620869316967,-0.0013836671554605157,-0.006040497268614187,0.0,0.18834688346883455,-0.04831045600428918,-0.021723362759880516,1.0,2_back_place,254
204.0,0.0,0.0,0.0,0.0,0.0,0.0,0.7621805338999929,-0.0009269719408092533,-0.004379573119713712,0.0,0.19105691056910545,-0.04728226144050074,-0.0218394854537049,1.0,2_back_place,255
204.8,0.0,0.0,0.0,0.0,0.0,0.0,0.7589644316845434,-0.0005776181196578584,-0.003129099540700231,0.0,0.19376693766937658,-0.04623937838294384,-0.021947189132808353,1.0,2_back_place,256
205.60000000000002,0.0,0.0,0.0,0.0,0.0,0.0,0.7596005222950695,-0.00033870076708971173,-0.0022050307584673525,0.0,0.1964769647696476,-0.0451818068316186,-0.0220463543785423,1.0,2_back_place,257
206.4,0.0,0.0,0.0,0.0,0.0,0.0,0.7524506397935598,-0.00021257011023595828,-0.0015337792749472543,0.0,0.1991869918699185,-0.044109546786524956,-0.022136861772258265,1.0,2_back_place,258
207.20000000000002,0.0,0.0,0.0,0.0,0.0,0.0,0.7143503001381407,-9.204415978645614e-05,-0.0010538521202259057,0.0,0.20189701897018952,-0.04302259824766286,-0.022218591895307893,1.0,2_back_place,259
208.0,0.0,0.0,0.0,0.0,0.0,0.0,0.6344986370480097,-1.2304408576141201e-05,-0.0007157389410209425,0.0,0.20460704607046054,-0.04192096121503236,-0.022291425329042436,1.0,2_back_place,260
208.8,0.0,0.0,0.0,0.0,0.0,0.0,0.5208811236780522,0.0,-0.0004772965435923005,0.0,0.20731707317073156,-0.04080463568863346,-0.022355242654813423,1.0,2_back_place,261
209.60000000000002,0.0,0.0,0.0,0.0,0.0,0.0,0.39174804681096076,0.0,-0.0002693877053300367,0.0,0.21002710027100258,-0.03967362166846611,-0.022409924453972385,1.0,2_back_place,262
210.4,0.0,0.0,0.0,0.0,0.0,0.0,0.2653425177843469,0.0,-0.00012988335652736123,0.0,0.21273712737127348,-0.038527919154530466,-0.022455351307870797,1.0,2_back_place,263
211.20000000000002,0.0,0.0,0.0,0.0,0.0,0.0,0.1542441395376466,0.0,-3.7251603738217066e-05,0.0,0.2154471544715446,-0.03736752814682631,-0.022491403797859966,1.0,2_back_place,264
212.0,0.0,0.0,0.0,0.0,0.0,0.0,0.06439762478274458,0.0,0.0,0.0,0.21815718157181552,-0.03619244864535387,-0.02251796250529159,1.0,2_back_place,265
152.0,-0.03628182248503797,0.0,0.0,0.0,0.0,0.0,0.0,6.319190911424331e-07,0.13680177911863192,0.0,0.014905149051490318,-0.08356284104846501,-0.0022445570920569535,1.0,2_back_posface,190
152.8,-0.028456518053022097,0.0,0.0,0.0,0.0,0.0,0.0,0.0010607812416134658,0.2702956901192512,0.0,0.017615176151761336,-0.08347471008585455,-0.002651105939090792,1.0,2_back_posface,191
153.60000000000002,-0.021918228102927484,0.0,0.0,0.0,0.0,0.0,0.0,0.015171775187882068,0.41562847934028846,0.0,0.020325203252032353,-0.08337189062947575,-0.00305687856490916,1.0,2_back_posface,192
154.4,-0.016571330927977572,0.0,0.0,0.0,0.0,0.0,0.0,0.06612203158418077,0.525243484390186,0.0,0.02303523035230337,-0.08325438267932844,-0.00346175555086381,1.0,2_back_posface,193
155.20000000000002,-0.012328017924956726,0.0,0.0,0.0,0.0,0.0,0.0,0.16185817277198394,0.5693451146521186,0.0,0.025745257452574388,-0.08312218623541279,-0.003865617478305855,1.0,2_back_posface,194
156.0,-0.009040632780481098,0.0,0.0,0.0,0.0,0.0,0.0,0.2828512548321696,0.5474797206780053,0.0,0.028455284552845295,-0.08297530129772879,-0.00426834492858677,1.0,2_back_posface,195
156.8,-0.006502424844037741,0.0,0.0,0.0,0.0,0.0,0.0,0.41096504503978726,0.4787009373675119,0.0,0.031165311653116423,-0.08281372786627622,-0.004669818483058474,1.0,2_back_posface,196
157.60000000000002,-0.0046035887534055546,0.0,0.0,0.0,0.0,0.0,0.0,0.5350721258174826,0.3870356713278638,0.0,0.03387533875338744,-0.08263746594105537,-0.005069918723072109,1.0,2_back_posface,197
158.4,-0.003235067456449957,0.0,0.0,0.0,0.0,0.0,0.0,0.63919737117367,0.2920408083478468,0.0,0.03658536585365835,-0.08244651552206606,-0.00546852622997912,1.0,2_back_posface,198
159.20000000000002,-0.0022082070353034835,0.0,0.0,0.0,0.0,0.0,0.0,0.7188814843412311,0.20570497091184434,0.0,0.039295392953929364,-0.0822408766093084,-0.005865521585131012,1.0,2_back_posface,199
160.0,-0.0014755173286671213,0.0,0.0,0.0,0.0,0.0,0.0,0.780743271878193,0.1333243302783616,0.0,0.04200542005420038,-0.08202054920278229,-0.006260785369879424,1.0,2_back_posface,200
160.8,-0.0009959259037356,0.0,0.0,0.0,0.0,0.0,0.0,0.8227982014506194,0.0758038502842088,0.0,0.0447154471544714,-0.08178553330248778,-0.006654198165575637,1.0,2_back_posface,201
161.60000000000002,-0.0006250829583870775,0.0,0.0,0.0,0.0,0.0,0.0,0.8465935222984382,0.03183592703843419,0.0,0.04742547425474242,-0.08153582890842487,-0.007045640553571236,1.0,2_back_posface,202
162.4,-0.0003709912142809325,0.0,0.0,0.0,0.0,0.0,0.0,0.8621306497109139,-0.0006279464613990947,0.0,0.05013550135501332,-0.08127143602059356,-0.007434993115217725,1.0,2_back_posface,203
163.20000000000002,-0.00023681192670029578,0.0,0.0,0.0,0.0,0.0,0.0,0.8691382599004185,-0.023621109804807645,0.0,0.05284552845528445,-0.08099235463899379,-0.007822136431866467,1.0,2_back_posface,204
164.0,-0.00010817136605331719,0.0,0.0,0.0,0.0,0.0,0.0,0.8665495512618953,-0.03890149911835349,0.0,0.05555555555555536,-0.08069858476362568,-0.00820695108486899,1.0,2_back_posface,205
164.8,-2.292618279008477e-05,0.0,0.0,0.0,0.0,0.0,0.0,0.8623574855791513,-0.04794695190112468,0.0,0.058265582655826376,-0.08039012639448917,-0.008589317655576717,1.0,2_back_posface,206
165.60000000000002,0.0,0.0,0.0,0.0,0.0,0.0,0.0,0.8557230221940232,-0.05203288347826589,0.0,0.06097560975609739,-0.0800669795315842,-0.008969116725341314,1.0,2_back_posface,207
166.4,0.0,0.0,0.0,0.0,0.0,0.0,0.0,0.8426074028196103,-0.05230050110880125,0.0,0.06368563685636841,-0.07972914417491084,-0.009346228875514145,1.0,2_back_posface,208
167.20000000000002,0.0,0.0,0.0,0.0,0.0,0.0,0.0,0.8301183779821106,-0.04978585070741714,0.0,0.06639566395663943,-0.07937662032446907,-0.009720534687446603,1.0,2_back_posface,209
168.0,0.0,0.0,0.0,0.0,0.0,0.0,0.0,0.819645623461472,-0.04541500269085627,0.0,0.06910569105691033,-0.07900940798025896,-0.010091914742490132,1.0,2_back_posface,210
168.8,0.0,0.0,0.0,0.0,0.0,0.0,0.0,0.8063068522363811,-0.039983337244863595,0.0,0.07181571815718146,-0.07862750714228028,-0.010460249621996598,1.0,2_back_posface,211
169.60000000000002,0.0,0.0,0.0,0.0,0.0,0.0,0.0,0.7955136871912357,-0.03413589845314938,0.0,0.07452574525745248,-0.07823091781053332,-0.010825419907316947,1.0,2_back_posface,212
170.4,0.0,0.0,0.0,0.0,0.0,0.0,0.0,0.789409374051496,-0.028359052735706523,0.0,0.07723577235772339,-0.07781963998501795,-0.01118730617980293,1.0,2_back_posface,213
171.20000000000002,0.0,0.0,0.0,0.0,0.0,0.0,0.0,0.7817412703209567,-0.022986467074011568,0.0,0.0799457994579944,-0.07739367366573419,-0.011545789020805997,1.0,2_back_posface,214
172.0,0.0,0.0,0.0,0.0,0.0,0.0,0.0,0.775823366624195,-0.01821726802498316,0.0,0.08265582655826542,-0.07695301885268196,-0.011900749011677647,1.0,2_back_posface,215
172.8,0.0,0.0,0.0,0.0,0.0,0.0,0.0,0.774388322052704,-0.014141738566042155,0.0,0.08536585365853644,-0.07649767554586134,-0.012252066733769329,1.0,2_back_posface,216
173.60000000000002,0.0,0.0,0.0,0.0,0.0,0.0,0.0,0.7700727862142513,-0.010769565655700739,0.0,0.08807588075880746,-0.07602764374527232,-0.012599622768432517,1.0,2_back_posface,217
174.4,0.0,0.0,0.0,0.0,0.0,0.0,0.0,0.7647788817031254,-0.008056609756737158,0.0,0.09078590785907836,-0.07554292345091496,-0.012943297697018574,1.0,2_back_posface,218
175.20000000000002,0.0,0.0,0.0,0.0,0.0,0.0,0.0,0.763694025772524,-0.005927633403242478,0.0,0.09349593495934949,-0.07504351466278908,-0.013282972100879281,1.0,2_back_posface,219
176.0,0.0,0.0,0.0,0.0,0.0,0.0,0.0,0.760962243608362,-0.004293848900223546,0.0,0.0962059620596204,-0.07452941738089491,-0.013618526561365751,1.0,2_back_posface,220
5.6000000000000005,0.0,0.0,0.0,0.0,0.0,0.0,0.0,0.0,0.0,0.5815527926525185,-0.4810298102981032,0.14760467387871637,-0.03876048697252832,1.0,cue,7
6.4,0.0,0.0,0.0,0.0,0.0,0.0,0.0,0.0,0.0,0.7357926098350978,-0.4783197831978322,0.1450048104817083,-0.03729855193543715,1.0,cue,8
7.2,0.0,0.0,0.0,0.0,0.0,0.0,0.0,0.0,9.256598262408162e-05,0.865395502944903,-0.4756097560975612,0.1424196355784688,-0.03585769428981043,1.0,cue,9
8.0,0.0,0.0,0.0,0.0,0.0,0.0,0.0,0.0,0.005029172707395443,0.960184470769478,-0.4728997289972902,0.1398491491689978,-0.034437794616999945,1.0,cue,10
8.8,0.0,0.0,0.0,0.0,0.0,0.0,0.0,0.0,0.03477626561513844,0.999836763247749,-0.4701897018970192,0.13729335125329492,-0.03303873349835631,1.0,cue,11
35.2,0.0,0.0,0.0,0.0,0.759074372080829,0.0,0.0,0.0,-0.00226577696199953,-0.0005978382257636939,-0.3807588075880761,0.061192265039180876,0.002221449583566815,1.0,cue,44
36.0,0.0,0.0,0.0,0.0,0.7554090996762843,0.0,0.0,0.0,0.002672072393924859,-0.00035088452401650335,-0.3780487804878051,0.05913587591160395,0.00298305395639116,1.0,cue,45
36.800000000000004,0.0,0.0,0.0,0.0,0.7250496786025744,0.0,0.0,0.0,0.030713897532490656,-0.00018438720888105115,-0.3753387533875341,0.05709417527779543,0.0037279994277464572,1.0,cue,46
70.4,0.0,0.0,0.0,0.010516175396821401,0.0,0.0,0.0,0.0,0.0,0.0,-0.26151761517615196,-0.0153935414692907,0.02155430177916435,1.0,cue,88
71.2,0.0,0.0,0.0,-0.041840442284240685,0.0,0.0,0.0,0.0,0.0,0.0,-0.258807588075881,-0.016803636871057633,0.02169588452885389,1.0,cue,89
72.0,0.0,0.0,0.0,-0.07684950742569559,0.0,0.0,0.0,0.0,0.0,0.0,-0.25609756097561,-0.018199043779056318,0.021826062797609604,1.0,cue,90
72.8,0.0,0.0,0.0,-0.09793953896975931,0.0,0.0,0.0,0.0,0.0,0.0,-0.25338753387533897,-0.019579762193286547,0.021944956004079662,1.0,cue,91
73.60000000000001,0.0,0.0,0.0,-0.10836293107100227,0.0,0.0,0.0,0.0,0.0,0.0,-0.25067750677506795,-0.02094579211374835,0.0220526835669129,1.0,cue,92
74.4,0.0,0.0,0.0,-0.11085068707309992,0.0,0.0,0.0,0.0,0.0,0.0,-0.24796747967479693,-0.022297133540441744,0.02214936490475751,1.0,cue,93
75.2,0.0,0.0,0.0,-0.10754208548161438,0.0,0.0,0.0,0.0,0.0,0.0,-0.24525745257452597,-0.02363378647336674,0.022235119436262343,1.0,cue,94
76.0,0.0,0.0,0.0,-0.10025757179141963,0.0,0.0,0.0,0.0,0.0,0.0,-0.24254742547425495,-0.024955750912523333,0.022310066580075782,1.0,cue,95
76.80000000000001,0.0,0.0,0.0,-0.0904927014183272,0.0,0.0,0.0,0.0,0.0,0.0,-0.23983739837398393,-0.0262630268579115,0.02237432575484633,1.0,cue,96
77.60000000000001,0.0,0.0,0.0,-0.07938822791071597,0.0,0.0,0.0,0.0,2.949897378649199e-25,0.0,-0.23712737127371292,-0.02755561430953128,0.022428016379222517,1.0,cue,97
78.4,0.0,0.0,0.0,-0.06788622285366154,0.0,0.0,0.0,0.0,0.00023385054529710255,0.0,-0.2344173441734419,-0.028833513267382677,0.022471257871852918,1.0,cue,98
79.2,0.0,0.0,0.0,-0.056727674231299846,0.0,0.0,0.0,0.0,0.0074381661549506204,0.0,-0.23170731707317094,-0.030096723731465533,0.022504169651385908,1.0,cue,99
80.0,0.0,0.0,0.0,-0.04638135236473526,0.0,0.0,0.0,0.0,0.0434865914708017,0.0,-0.22899728997289992,-0.03134524570178013,0.02252687113647027,1.0,cue,100
106.4,0.0,0.0,0.0,0.0,0.0,0.7592916800782937,0.0,0.0,-0.0021087387209597123,0.0,-0.13956639566395684,-0.06430622571808423,0.018329640013080017,1.0,cue,133
107.2,0.0,0.0,0.0,0.0,0.0,0.7540317240383891,0.0,0.0,0.004291825191459096,0.0,-0.13685636856368583,-0.06505533890027296,0.018076245582777695,1.0,cue,134
108.0,0.0,0.0,0.0,0.0,0.0,0.7193885199695252,0.0,0.0,0.03682228742269542,0.0,-0.13414634146341486,-0.06578976358869323,0.017816820510724925,1.0,cue,135
141.6,0.0049905922720793845,0.0,0.0,0.0,0.0,0.0,0.0,0.0,0.0,0.0,-0.020325203252032742,-0.08337189062947573,0.0030568785649064817,1.0,cue,177
142.4,-0.04554827050634876,0.0,0.0,0.0,0.0,0.0,0.0,0.0,0.0,0.0,-0.017615176151761724,-0.08347471008585458,0.002651105939088058,1.0,cue,178
143.20000000000002,-0.07909409223077339,0.0,0.0,0.0,0.0,0.0,0.0,0.0,0.0,0.0,-0.014905149051490652,-0.08356284104846504,0.0022445570920542335,1.0,cue,179
144.0,-0.09905454482780067,0.0,0.0,0.0,0.0,0.0,0.0,0.0,0.0,0.0,-0.01219512195121969,-0.08363628351730706,0.001837351442453547,1.0,cue,180
144.8,-0.10864060632744228,0.0,0.0,0.0,0.0,0.0,0.0,0.0,0.0,0.0,-0.009485094850948672,-0.08369503749238069,0.0014296084089344546,1.0,cue,181
145.6,-0.11053002274648253,0.0,0.0,0.0,0.0,0.0,0.0,0.0,0.0,0.0,-0.00677506775067771,-0.08373910297368589,0.0010214474101454818,1.0,cue,182
146.4,-0.10679993089263755,0.0,0.0,0.0,0.0,0.0,0.0,0.0,0.0,0.0,-0.004065040650406693,-0.08376847996122272,0.0006129878647353065,1.0,cue,183
147.20000000000002,-0.09925173330833123,0.0,0.0,0.0,0.0,0.0,0.0,0.0,0.0,0.0,-0.0013550135501356197,-0.08378316845499112,0.00020434919135225993,1.0,cue,184
148.0,-0.08934962879437026,0.0,0.0,0.0,0.0,0.0,0.0,0.0,0.0,0.0,0.0013550135501353422,-0.08378316845499112,-0.00020434919135500773,1.0,cue,185
148.8,-0.07819146512659104,0.0,0.0,0.0,0.0,0.0,0.0,0.0,2.0617563264799958e-10,0.0,0.00406504065040636,-0.08376847996122272,-0.0006129878647380127,1.0,cue,186
149.6,-0.06671511961824104,0.0,0.0,0.0,0.0,0.0,0.0,0.0,0.0003500576662285267,0.0,0.006775067750677266,-0.08373910297368592,-0.0010214474101482018,1.0,cue,187
150.4,-0.055640268286672394,0.0,0.0,0.0,0.0,0.0,0.0,0.0,0.008915193854921826,0.0,0.009485094850948284,-0.08369503749238066,-0.0014296084089371053,1.0,cue,188
151.20000000000002,-0.045399247485833065,0.0,0.0,0.0,0.0,0.0,0.0,0.0,0.048321200643100165,0.0,0.012195121951219412,-0.08363628351730706,-0.0018373514424561699,1.0,cue,189
176.8,0.0,0.0,0.0,0.0,0.0,0.0,0.0,0.7571604736599536,-0.003065239998946862,0.0,0.09891598915989142,-0.07400063160523224,-0.013949841659829765,1.0,cue,221
177.60000000000002,0.0,0.0,0.0,0.0,0.0,0.0,0.0,0.7578606939809778,-0.0018987767604455037,0.0,0.10162601626016243,-0.07345715733580122,-0.014276797977622518,1.0,cue,222
178.4,0.0,0.0,0.0,0.0,0.0,0.0,0.0,0.7507272078393551,0.006289250643540607,0.0,0.10433604336043345,-0.07289899457260174,-0.014599276096095792,1.0,cue,223
179.20000000000002,0.0,0.0,0.0,0.0,0.0,0.0,0.0,0.7123394957793616,0.04363486705243348,0.0,0.10704607046070447,-0.07232614331563392,-0.014917156596600784,1.0,cue,224
212.8,0.0,0.0,0.0,0.0,0.0,0.0,-0.0033806357850041445,0.0,0.0,0.0,0.22086720867208653,-0.035002680650112916,-0.02253490801151714,1.0,cue,266
213.60000000000002,0.0,0.0,0.0,0.0,0.0,0.0,-0.05128254987452456,0.0,0.0,0.0,0.22357723577235755,-0.03379822416110356,-0.02254212089788793,1.0,cue,267
214.4,0.0,0.0,0.0,0.0,0.0,0.0,-0.08269144956191796,0.0,0.0,0.0,0.22628726287262857,-0.0325790791783257,-0.022539481745755707,1.0,cue,268
215.20000000000002,0.0,0.0,0.0,0.0,0.0,0.0,-0.10099516549061602,0.0,0.0,0.0,0.2289972899728996,-0.031345245701779545,-0.02252687113647156,1.0,cue,269
216.0,0.0,0.0,0.0,0.0,0.0,0.0,-0.10933104524056432,0.0,0.0,0.0,0.2317073170731705,-0.03009672373146499,-0.02250416965138735,1.0,cue,270
216.8,0.0,0.0,0.0,0.0,0.0,0.0,-0.11030519540550489,0.0,0.0,0.0,0.23441734417344162,-0.028833513267382038,-0.022471257871854056,1.0,cue,271
217.60000000000002,0.0,0.0,0.0,0.0,0.0,0.0,-0.1059272648528389,0.0,0.0,0.0,0.23712737127371264,-0.027555614309530574,-0.02242801637922376,1.0,cue,272
218.4,0.0,0.0,0.0,0.0,0.0,0.0,-0.09795663618578593,0.0,0.0,0.0,0.23983739837398355,-0.02626302685791093,-0.02237432575484738,1.0,cue,273
219.20000000000002,0.0,0.0,0.0,0.0,0.0,0.0,-0.0878194965341477,0.0,0.0,0.0,0.24254742547425456,-0.024955750912522667,-0.022310066580076948,1.0,cue,274
220.0,0.0,0.0,0.0,0.0,0.0,0.0,-0.07655721887591743,0.0,8.952616509172213e-08,0.0,0.24525745257452558,-0.023633786473366114,-0.02223511943626333,1.0,cue,275
220.8,0.0,0.0,0.0,0.0,0.0,0.0,-0.0650969489121403,0.0,0.0007149271164833987,0.0,0.2479674796747966,-0.02229713354044116,-0.02214936490475844,1.0,cue,276
221.60000000000002,0.0,0.0,0.0,0.0,0.0,0.0,-0.05412514292624018,0.0,0.0124847842735575,0.0,0.2506775067750676,-0.020945792113747697,-0.02205268356691381,1.0,cue,277
222.4,0.0,0.0,0.0,0.0,0.0,0.0,-0.044023439305632094,0.0,0.058975019937766285,0.0,0.25338753387533863,-0.019579762193285943,-0.02194495600408053,1.0,cue,278
248.0,0.0,0.7616504784103418,0.0,0.0,0.0,0.0,0.0,0.0,-0.002900537950466304,0.0,0.34010840108401064,0.031888719971210566,-0.011950666006758981,1.0,cue,310
248.8,0.0,0.7611547805727699,0.0,0.0,0.0,0.0,0.0,0.0,-0.001530668517003817,0.0,0.34281842818428165,0.03373947018602985,-0.01141141915748567,1.0,cue,311
249.60000000000002,0.0,0.7496077589170904,0.0,0.0,0.0,0.0,0.0,0.0,0.009179096905746382,0.0,0.3455284552845528,0.03560490889461754,-0.010857065849174119,1.0,cue,312
250.4,0.0,0.7044695650989128,0.0,0.0,0.0,0.0,0.0,0.0,0.0525138284402721,0.0,0.3482384823848237,0.03748503609697351,-0.010287486663175804,1.0,cue,313
0.0,0.0,0.0,0.0,0.0,0.0,0.0,0.0,0.0,0.0,0.0,-0.5000000000000011,0.16621499548328697,-0.04959423035964499,1.0,dummy,0
0.8,0.0,0.0,0.0,0.0,0.0,0.0,0.0,0.0,0.0,0.0001885230557249465,-0.4972899728997292,0.1635123126299011,-0.04798140986014512,1.0,dummy,1
1.6,0.0,0.0,0.0,0.0,0.0,0.0,0.0,0.0,0.0,0.006770459759920513,-0.49457994579945824,0.16082431827028212,-0.046390502682648015,1.0,dummy,2
2.4000000000000004,0.0,0.0,0.0,0.0,0.0,0.0,0.0,0.0,0.0,0.04119027818371742,-0.4918699186991872,0.1581510124044322,-0.044821389408507314,1.0,dummy,3
3.2,0.0,0.0,0.0,0.0,0.0,0.0,0.0,0.0,0.0,0.12347698292670939,-0.4891598915989162,0.1554923950323507,-0.04327395061907352,1.0,dummy,4
4.0,0.0,0.0,0.0,0.0,0.0,0.0,0.0,0.0,0.0,0.25379463687010434,-0.4864498644986452,0.1528484661540374,-0.04174806689569775,1.0,dummy,5
4.800000000000001,0.0,0.0,0.0,0.0,0.0,0.0,0.0,0.0,0.0,0.41436673172617317,-0.48373983739837423,0.15021922576949268,-0.04024361881973225,1.0,dummy,6
277.6,0.0,-0.00019260404622822267,0.749550981141144,0.0,0.0,0.0,0.0,0.0,-0.0014563282755433522,0.0,0.44037940379403784,0.11014901476928085,0.01899025203484994,1.0,endplate,347
278.40000000000003,0.0,-7.878189989628786e-05,0.707956792043844,0.0,0.0,0.0,0.0,0.0,-0.0009989721011335235,0.0,0.44308943089430886,0.11254323925353105,0.020167970688454995,1.0,endplate,348
279.2,0.0,-3.5823244536778403e-06,0.6244796440184344,0.0,0.0,0.0,0.0,0.0,-0.0006773985040876025,0.0,0.44579945799457976,0.11495215223154964,0.021365214291093615,1.0,endplate,349
280.0,0.0,0.0,0.5086301158080464,0.0,0.0,0.0,0.0,0.0,-0.0004430534350963538,0.0,0.4485094850948508,0.11737575370333675,0.022582102261414105,1.0,endplate,350
280.8,0.0,0.0,0.3791066340424868,0.0,0.0,0.0,0.0,0.0,-0.00024631209688662556,0.0,0.4512195121951218,0.11981404366889215,0.023818754018065658,1.0,endplate,351
281.6,0.0,0.0,0.2537979490154323,0.0,0.0,0.0,0.0,0.0,-0.00011449861584213524,0.0,0.4539295392953928,0.12226702212821605,0.025075288979696242,1.0,endplate,352
282.40000000000003,0.0,0.0,0.1446390621476718,0.0,0.0,0.0,0.0,0.0,-2.7097926944426708e-05,0.0,0.45663956639566383,0.12473468908130847,0.026351826564954273,1.0,endplate,353
283.2,0.0,0.0,0.05699901789107425,0.0,0.0,0.0,0.0,0.0,0.0,0.0,0.45934959349593474,0.12721704452816907,0.02764848619248883,1.0,endplate,354
284.0,0.0,0.0,-0.008701581405616875,0.0,0.0,0.0,0.0,0.0,0.0,0.0,0.46205962059620576,0.12971408846879817,0.028965387280948107,1.0,endplate,355
284.8,0.0,0.0,-0.05483551136420187,0.0,0.0,0.0,0.0,0.0,0.0,0.0,0.4647696476964768,0.13222582090319568,0.030302649248980518,1.0,endplate,356
285.6,0.0,0.0,-0.08482104157695562,0.0,0.0,0.0,0.0,0.0,0.0,0.0,0.4674796747967479,0.1347522418313617,0.03166039151523503,1.0,endplate,357
286.40000000000003,0.0,0.0,-0.10203591592173857,0.0,0.0,0.0,0.0,0.0,0.0,0.0,0.4701897018970189,0.13729335125329611,0.03303873349835951,1.0,endplate,358
287.2,0.0,0.0,-0.10956242252948997,0.0,0.0,0.0,0.0,0.0,0.0,0.0,0.4728997289972897,0.1398491491689987,0.034437794617002915,1.0,endplate,359
288.0,0.0,0.0,-0.10995302684677379,0.0,0.0,0.0,0.0,0.0,0.0,0.0,0.47560975609756084,0.14241963557846982,0.035857694289814,1.0,endplate,360
288.8,0.0,0.0,-0.10517676902163674,0.0,0.0,0.0,0.0,0.0,0.0,0.0,0.47831978319783186,0.14500481048170955,0.037298551935440516,1.0,endplate,361
289.6,0.0,0.0,-0.09695547105734054,0.0,0.0,0.0,0.0,0.0,0.0,0.0,0.4810298102981029,0.14760467387871734,0.03876048697253198,1.0,endplate,362
290.40000000000003,0.0,0.0,-0.0866883083670307,0.0,0.0,0.0,0.0,0.0,0.0,0.0,0.4837398373983739,0.15021922576949376,0.04024361881973604,1.0,endplate,363
291.2,0.0,0.0,-0.0753845593125844,0.0,0.0,0.0,0.0,0.0,0.0,0.0,0.4864498644986448,0.15284846615403858,0.04174806689570132,1.0,endplate,364
292.0,0.0,0.0,-0.0639568046889836,0.0,0.0,0.0,0.0,0.0,0.0,0.0,0.4891598915989158,0.15549239503235157,0.04327395061907724,1.0,endplate,365
292.8,0.0,0.0,-0.05307148526590641,0.0,0.0,0.0,0.0,0.0,0.0,0.0,0.49186991869918684,0.1581510124044332,0.044821389408511325,1.0,endplate,366
293.6,0.0,0.0,-0.04307776640127949,0.0,0.0,0.0,0.0,0.0,0.0,0.0,0.49457994579945785,0.1608243182702832,0.046390502682652435,1.0,endplate,367
294.40000000000003,0.0,0.0,-0.034265750406621026,0.0,0.0,0.0,0.0,0.0,0.0,0.0,0.497289972899729,0.16351231262990173,0.047981409860149093,1.0,endplate,368
295.2,0.0,0.0,-0.026769689117384685,0.0,0.0,0.0,0.0,0.0,0.0,0.0,0.4999999999999998,0.16621499548328833,0.049594230359649716,1.0,endplate,369
